[
  {
    "value": "NIFTY 50 Pre Open",
    "synonyms": [
      "NIFTY 50 Pre Open"
    ]
  },
  {
    "value": "NIFTY 50",
    "synonyms": [
      "NIFTY 50"
    ]
  },
  {
    "value": "NIFTY NEXT 50",
    "synonyms": [
      "NIFTY NEXT 50"
    ]
  },
  {
    "value": "NIFTY100 LIQ 15",
    "synonyms": [
      "NIFTY100 LIQ 15"
    ]
  },
  {
    "value": "NIFTY BANK",
    "synonyms": [
      "NIFTY BANK"
    ]
  },
  {
    "value": "INDIA VIX",
    "synonyms": [
      "INDIA VIX"
    ]
  },
  {
    "value": "NIFTY 100",
    "synonyms": [
      "NIFTY 100"
    ]
  },
  {
    "value": "NIFTY 500",
    "synonyms": [
      "NIFTY 500"
    ]
  },
  {
    "value": "NIFTY MIDCAP 100",
    "synonyms": [
      "NIFTY MIDCAP 100"
    ]
  },
  {
    "value": "NIFTY MIDCAP 50",
    "synonyms": [
      "NIFTY MIDCAP 50"
    ]
  },
  {
    "value": "NIFTY INFRA",
    "synonyms": [
      "NIFTY INFRA"
    ]
  },
  {
    "value": "NIFTY REALTY",
    "synonyms": [
      "NIFTY REALTY"
    ]
  },
  {
    "value": "NIFTY ENERGY",
    "synonyms": [
      "NIFTY ENERGY"
    ]
  },
  {
    "value": "NIFTY FMCG",
    "synonyms": [
      "NIFTY FMCG"
    ]
  },
  {
    "value": "NIFTY MNC",
    "synonyms": [
      "NIFTY MNC"
    ]
  },
  {
    "value": "NIFTY PHARMA",
    "synonyms": [
      "NIFTY PHARMA"
    ]
  },
  {
    "value": "NIFTY PSE",
    "synonyms": [
      "NIFTY PSE"
    ]
  },
  {
    "value": "NIFTY PSU BANK",
    "synonyms": [
      "NIFTY PSU BANK"
    ]
  },
  {
    "value": "NIFTY SERV SECTOR",
    "synonyms": [
      "NIFTY SERV SECTOR"
    ]
  },
  {
    "value": "NIFTY IT",
    "synonyms": [
      "NIFTY IT"
    ]
  },
  {
    "value": "NIFTY SMLCAP 100",
    "synonyms": [
      "NIFTY SMLCAP 100"
    ]
  },
  {
    "value": "NIFTY 200",
    "synonyms": [
      "NIFTY 200"
    ]
  },
  {
    "value": "NIFTY AUTO",
    "synonyms": [
      "NIFTY AUTO"
    ]
  },
  {
    "value": "NIFTY MEDIA",
    "synonyms": [
      "NIFTY MEDIA"
    ]
  },
  {
    "value": "NIFTY METAL",
    "synonyms": [
      "NIFTY METAL"
    ]
  },
  {
    "value": "NIFTY DIV OPPS 50",
    "synonyms": [
      "NIFTY DIV OPPS 50"
    ]
  },
  {
    "value": "NIFTY COMMODITIES",
    "synonyms": [
      "NIFTY COMMODITIES"
    ]
  },
  {
    "value": "NIFTY CONSUMPTION",
    "synonyms": [
      "NIFTY CONSUMPTION"
    ]
  },
  {
    "value": "NIFTY CPSE",
    "synonyms": [
      "NIFTY CPSE"
    ]
  },
  {
    "value": "NIFTY FIN SERVICE",
    "synonyms": [
      "NIFTY FIN SERVICE"
    ]
  },
  {
    "value": "NIFTY GROWSECT 15",
    "synonyms": [
      "NIFTY GROWSECT 15"
    ]
  },
  {
    "value": "NIFTY50 VALUE 20",
    "synonyms": [
      "NIFTY50 VALUE 20"
    ]
  },
  {
    "value": "NIFTY50 TR 2X LEV",
    "synonyms": [
      "NIFTY50 TR 2X LEV"
    ]
  },
  {
    "value": "NIFTY50 PR 2X LEV",
    "synonyms": [
      "NIFTY50 PR 2X LEV"
    ]
  },
  {
    "value": "NIFTY50 TR 1X INV",
    "synonyms": [
      "NIFTY50 TR 1X INV"
    ]
  },
  {
    "value": "NIFTY50 PR 1X INV",
    "synonyms": [
      "NIFTY50 PR 1X INV"
    ]
  },
  {
    "value": "NIFTY ALPHA 50",
    "synonyms": [
      "NIFTY ALPHA 50"
    ]
  },
  {
    "value": "NIFTY50 EQL WGT",
    "synonyms": [
      "NIFTY50 EQL WGT"
    ]
  },
  {
    "value": "NIFTY100 EQL WGT",
    "synonyms": [
      "NIFTY100 EQL WGT"
    ]
  },
  {
    "value": "NIFTY100 LOWVOL30",
    "synonyms": [
      "NIFTY100 LOWVOL30"
    ]
  },
  {
    "value": "NIFTY MID LIQ 15",
    "synonyms": [
      "NIFTY MID LIQ 15"
    ]
  },
  {
    "value": "NIFTY PVT BANK",
    "synonyms": [
      "NIFTY PVT BANK"
    ]
  },
  {
    "value": "NIFTY100 QUALTY30",
    "synonyms": [
      "NIFTY100 QUALTY30"
    ]
  },
  {
    "value": "NIFTY GS 8 13YR",
    "synonyms": [
      "NIFTY GS 8 13YR"
    ]
  },
  {
    "value": "NIFTY GS 10YR",
    "synonyms": [
      "NIFTY GS 10YR"
    ]
  },
  {
    "value": "NIFTY GS 10YR CLN",
    "synonyms": [
      "NIFTY GS 10YR CLN"
    ]
  },
  {
    "value": "NIFTY GS 4 8YR",
    "synonyms": [
      "NIFTY GS 4 8YR"
    ]
  },
  {
    "value": "NIFTY GS 11 15YR",
    "synonyms": [
      "NIFTY GS 11 15YR"
    ]
  },
  {
    "value": "NIFTY GS 15YRPLUS",
    "synonyms": [
      "NIFTY GS 15YRPLUS"
    ]
  },
  {
    "value": "NIFTY GS COMPSITE",
    "synonyms": [
      "NIFTY GS COMPSITE"
    ]
  },
  {
    "value": "NIFTY MIDCAP 150",
    "synonyms": [
      "NIFTY MIDCAP 150"
    ]
  },
  {
    "value": "NIFTY SMLCAP 50",
    "synonyms": [
      "NIFTY SMLCAP 50"
    ]
  },
  {
    "value": "NIFTY SMLCAP 250",
    "synonyms": [
      "NIFTY SMLCAP 250"
    ]
  },
  {
    "value": "NIFTY MIDSML 400",
    "synonyms": [
      "NIFTY MIDSML 400"
    ]
  },
  {
    "value": "NIFTY200 QUALTY30",
    "synonyms": [
      "NIFTY200 QUALTY30"
    ]
  },
  {
    "value": "NIFTY FINSRV25 50",
    "synonyms": [
      "NIFTY FINSRV25 50"
    ]
  }
]