[
  {
    "id": "5718083d-4a6e-44d1-84ea-b72c093ea94d",
    "data": [
      {
        "text": "will you give me the ",
        "userDefined": false
      },
      {
        "text": "decline",
        "meta": "@advance_type",
        "alias": "advance_type",
        "userDefined": true
      },
      {
        "text": " of ",
        "userDefined": false
      },
      {
        "text": "NIFTY INFRA",
        "meta": "@index_codes",
        "alias": "index_codes",
        "userDefined": true
      },
      {
        "text": "?",
        "userDefined": false
      }
    ],
    "isTemplate": false,
    "count": 0,
    "lang": "en",
    "updated": 0
  },
  {
    "id": "e1f108cc-9d25-42cf-aacf-a0fc709627b6",
    "data": [
      {
        "text": "what is the ",
        "userDefined": false
      },
      {
        "text": "advance",
        "meta": "@advance_type",
        "alias": "advance_type",
        "userDefined": true
      },
      {
        "text": " of ",
        "userDefined": false
      },
      {
        "text": "NIFTY MIDCAP 100",
        "meta": "@index_codes",
        "alias": "index_codes",
        "userDefined": true
      },
      {
        "text": "?",
        "userDefined": false
      }
    ],
    "isTemplate": false,
    "count": 0,
    "lang": "en",
    "updated": 0
  },
  {
    "id": "5b7653fb-81b1-4635-81bb-831d4f017692",
    "data": [
      {
        "text": "tell me the ",
        "userDefined": false
      },
      {
        "text": "decline",
        "meta": "@advance_type",
        "alias": "advance_type",
        "userDefined": true
      },
      {
        "text": " of ",
        "userDefined": false
      },
      {
        "text": "INDIA VIX",
        "meta": "@index_codes",
        "alias": "index_codes",
        "userDefined": true
      }
    ],
    "isTemplate": false,
    "count": 0,
    "lang": "en",
    "updated": 0
  },
  {
    "id": "10e206fe-c6be-4db6-9aa9-86a368fd3dd5",
    "data": [
      {
        "text": "can you get the ",
        "userDefined": false
      },
      {
        "text": "advance",
        "meta": "@advance_type",
        "alias": "advance_type",
        "userDefined": true
      },
      {
        "text": " of ",
        "userDefined": false
      },
      {
        "text": "NIFTY 50",
        "meta": "@index_codes",
        "alias": "index_codes",
        "userDefined": true
      },
      {
        "text": "?",
        "userDefined": false
      }
    ],
    "isTemplate": false,
    "count": 0,
    "lang": "en",
    "updated": 0
  }
]