[
  {
    "id": "910f86d1-d376-4ff8-8447-f3d91d07fa05",
    "data": [
      {
        "text": "show me top ",
        "userDefined": false
      },
      {
        "text": "10",
        "meta": "@sys.number",
        "alias": "number",
        "userDefined": false
      },
      {
        "text": " ",
        "userDefined": false
      },
      {
        "text": "gainers",
        "meta": "@gainer_type",
        "alias": "gainer_type",
        "userDefined": true
      }
    ],
    "isTemplate": false,
    "count": 0,
    "lang": "en",
    "updated": 0
  },
  {
    "id": "35713fbf-f1a4-4adf-ac03-9b92d83218aa",
    "data": [
      {
        "text": "Can you give me a list of top ",
        "userDefined": false
      },
      {
        "text": "10",
        "meta": "@sys.number",
        "alias": "number",
        "userDefined": true
      },
      {
        "text": " ",
        "userDefined": false
      },
      {
        "text": "losers",
        "meta": "@gainer_type",
        "alias": "gainer_type",
        "userDefined": true
      },
      {
        "text": "?",
        "userDefined": false
      }
    ],
    "isTemplate": false,
    "count": 0,
    "lang": "en",
    "updated": 0
  },
  {
    "id": "da582464-9dd1-4fc3-acde-7bf28ad51660",
    "data": [
      {
        "text": "Give me a list of top ",
        "userDefined": false
      },
      {
        "text": "5",
        "meta": "@sys.number",
        "alias": "number",
        "userDefined": true
      },
      {
        "text": " ",
        "userDefined": false
      },
      {
        "text": "gainers",
        "meta": "@gainer_type",
        "alias": "gainer_type",
        "userDefined": true
      }
    ],
    "isTemplate": false,
    "count": 0,
    "lang": "en",
    "updated": 0
  },
  {
    "id": "cae8ca40-c0ac-4b3f-ad9c-823e1f9f77a6",
    "data": [
      {
        "text": "Who is the top ",
        "userDefined": false
      },
      {
        "text": "loser",
        "meta": "@gainer_type",
        "alias": "gainer_type",
        "userDefined": true
      }
    ],
    "isTemplate": false,
    "count": 0,
    "lang": "en",
    "updated": 0
  },
  {
    "id": "2d1e74e9-1b56-4f6c-ade8-f95004cb6e2b",
    "data": [
      {
        "text": "Who is the top ",
        "userDefined": false
      },
      {
        "text": "gainer",
        "meta": "@gainer_type",
        "alias": "gainer_type",
        "userDefined": true
      },
      {
        "text": "?",
        "userDefined": false
      }
    ],
    "isTemplate": false,
    "count": 0,
    "lang": "en",
    "updated": 0
  }
]