[
  {
    "id": "12fb42d2-bc4c-41a0-8c03-b86090cadaed",
    "data": [
      {
        "text": "will you show me the ",
        "userDefined": false
      },
      {
        "text": "index quote",
        "meta": "@index_quote",
        "alias": "index_quote",
        "userDefined": true
      },
      {
        "text": " of ",
        "userDefined": false
      },
      {
        "text": "NIFTY GS 4 8YR",
        "meta": "@index_codes",
        "alias": "index_codes",
        "userDefined": true
      }
    ],
    "isTemplate": false,
    "count": 0,
    "lang": "en",
    "updated": 0
  },
  {
    "id": "d59822ba-6d92-4942-b42f-a37a671047ab",
    "data": [
      {
        "text": "what is ",
        "userDefined": false
      },
      {
        "text": "nifty 50 VALUE 20",
        "meta": "@index_codes",
        "alias": "index_codes",
        "userDefined": true
      },
      {
        "text": " ",
        "userDefined": false
      },
      {
        "text": "index quote",
        "meta": "@index_quote",
        "alias": "index_quote",
        "userDefined": true
      },
      {
        "text": "?",
        "userDefined": false
      }
    ],
    "isTemplate": false,
    "count": 1,
    "lang": "en",
    "updated": 0
  },
  {
    "id": "0998d11a-f733-45bf-9230-7c470091f08e",
    "data": [
      {
        "text": "give me ",
        "userDefined": false
      },
      {
        "text": "INDIA VIX",
        "meta": "@index_codes",
        "alias": "index_codes",
        "userDefined": true
      },
      {
        "text": " ",
        "userDefined": false
      },
      {
        "text": "index Quote",
        "meta": "@index_quote",
        "alias": "index_quote",
        "userDefined": true
      }
    ],
    "isTemplate": false,
    "count": 0,
    "lang": "en",
    "updated": 0
  },
  {
    "id": "4dd7a843-b31a-4992-a183-d39170aa2d8c",
    "data": [
      {
        "text": "tell me the ",
        "userDefined": false
      },
      {
        "text": "index quote",
        "meta": "@index_quote",
        "alias": "index_quote",
        "userDefined": true
      },
      {
        "text": " of ",
        "userDefined": false
      },
      {
        "text": "NIFTY ENERGY",
        "meta": "@index_codes",
        "alias": "index_codes",
        "userDefined": true
      },
      {
        "text": "?",
        "userDefined": false
      }
    ],
    "isTemplate": false,
    "count": 0,
    "lang": "en",
    "updated": 0
  },
  {
    "id": "e5593b18-86ed-4e14-a349-70059f415e01",
    "data": [
      {
        "text": "What is the ",
        "userDefined": false
      },
      {
        "text": "Index Quote",
        "meta": "@index_quote",
        "alias": "index_quote",
        "userDefined": true
      },
      {
        "text": " of ",
        "userDefined": false
      },
      {
        "text": "NIFTY50 PR 2X LEV",
        "meta": "@index_codes",
        "alias": "index_codes",
        "userDefined": true
      },
      {
        "text": " ?",
        "userDefined": false
      }
    ],
    "isTemplate": false,
    "count": 0,
    "lang": "en",
    "updated": 0
  },
  {
    "id": "1e773e18-65b8-4797-9979-63b66e532276",
    "data": [
      {
        "text": "Can you get me the ",
        "userDefined": false
      },
      {
        "text": "index quote",
        "meta": "@index_quote",
        "alias": "index_quote",
        "userDefined": false
      },
      {
        "text": " of ",
        "userDefined": false
      },
      {
        "text": "NIFTY 50 Pre Open",
        "meta": "@index_codes",
        "alias": "index_codes",
        "userDefined": false
      },
      {
        "text": "?",
        "userDefined": false
      }
    ],
    "isTemplate": false,
    "count": 0,
    "lang": "en",
    "updated": 0
  }
]