[
  {
    "id": "11a4b8a9-98ea-4ade-982b-5a74cfdd6f62",
    "data": [
      {
        "text": "what was the ",
        "userDefined": false
      },
      {
        "text": "opening",
        "meta": "@price_type",
        "alias": "price_type",
        "userDefined": false
      },
      {
        "text": " price of ",
        "userDefined": false
      },
      {
        "text": "Tata Steel Limited",
        "meta": "@company_name",
        "alias": "company_name",
        "userDefined": false
      },
      {
        "text": " ",
        "userDefined": false
      },
      {
        "text": "today",
        "meta": "@sys.date-time",
        "alias": "date-time",
        "userDefined": false
      },
      {
        "text": "?",
        "userDefined": false
      }
    ],
    "isTemplate": false,
    "count": 0,
    "lang": "en",
    "updated": 0
  },
  {
    "id": "237728d9-58b0-49fb-9655-2bc8b08749a1",
    "data": [
      {
        "text": "what was the ",
        "userDefined": false
      },
      {
        "text": "low",
        "meta": "@price_type",
        "alias": "price_type",
        "userDefined": false
      },
      {
        "text": " price of ",
        "userDefined": false
      },
      {
        "text": "Microsoft",
        "meta": "@company_name",
        "alias": "company_name",
        "userDefined": false
      },
      {
        "text": " ",
        "userDefined": false
      },
      {
        "text": "a week ago",
        "meta": "@sys.date-time",
        "alias": "date-time",
        "userDefined": false
      },
      {
        "text": "?",
        "userDefined": false
      }
    ],
    "isTemplate": false,
    "count": 0,
    "lang": "en",
    "updated": 0
  },
  {
    "id": "5658e23d-978f-4c64-9cf4-95ac11dca106",
    "data": [
      {
        "text": "what was the ",
        "userDefined": false
      },
      {
        "text": "low",
        "meta": "@price_type",
        "alias": "price_type",
        "userDefined": false
      },
      {
        "text": " price of ",
        "userDefined": false
      },
      {
        "text": "Microsoft",
        "meta": "@company_name",
        "alias": "company_name",
        "userDefined": false
      },
      {
        "text": " ",
        "userDefined": false
      },
      {
        "text": "a month ago",
        "meta": "@sys.date-time",
        "alias": "date-time",
        "userDefined": false
      },
      {
        "text": "?",
        "userDefined": false
      }
    ],
    "isTemplate": false,
    "count": 0,
    "lang": "en",
    "updated": 0
  },
  {
    "id": "9dfe524f-2ddf-4cb6-b8fe-a2133bc0260a",
    "data": [
      {
        "text": "@ what was the  @price_type:price_type of @company_name:company_name on @sys.date:date",
        "userDefined": false
      }
    ],
    "isTemplate": false,
    "count": 0,
    "lang": "en",
    "updated": 0
  },
  {
    "id": "b1abef67-d0e9-403b-9066-e0de00333beb",
    "data": [
      {
        "text": "give me the ",
        "userDefined": false
      },
      {
        "text": "opening",
        "meta": "@price_type",
        "alias": "price_type",
        "userDefined": false
      },
      {
        "text": " price of ",
        "userDefined": false
      },
      {
        "text": "Apple",
        "meta": "@company_name",
        "alias": "company_name",
        "userDefined": true
      },
      {
        "text": " ",
        "userDefined": false
      },
      {
        "text": "last tuesday",
        "meta": "@sys.date-time",
        "alias": "date-time",
        "userDefined": false
      }
    ],
    "isTemplate": false,
    "count": 0,
    "lang": "en",
    "updated": 0
  },
  {
    "id": "7529fd3a-c8fa-4ddc-a038-b1ee06f46ddf",
    "data": [
      {
        "text": "give me the ",
        "userDefined": false
      },
      {
        "text": "closing",
        "meta": "@price_type",
        "alias": "price_type",
        "userDefined": false
      },
      {
        "text": " price of ",
        "userDefined": false
      },
      {
        "text": "microsoft",
        "meta": "@company_name",
        "alias": "company_name",
        "userDefined": true
      },
      {
        "text": " on ",
        "userDefined": false
      },
      {
        "text": "december 25 2017",
        "meta": "@sys.date-time",
        "alias": "date-time",
        "userDefined": false
      }
    ],
    "isTemplate": false,
    "count": 0,
    "lang": "en",
    "updated": 0
  },
  {
    "id": "aba59ba0-267d-4f89-992f-c1033a1bbbf8",
    "data": [
      {
        "text": "get me the ",
        "userDefined": false
      },
      {
        "text": "high",
        "meta": "@price_type",
        "alias": "price_type",
        "userDefined": false
      },
      {
        "text": " price of ",
        "userDefined": false
      },
      {
        "text": "Google",
        "meta": "@company_name",
        "alias": "company_name",
        "userDefined": false
      },
      {
        "text": " ",
        "userDefined": false
      },
      {
        "text": "yesterday",
        "meta": "@sys.date-time",
        "alias": "date-time",
        "userDefined": false
      }
    ],
    "isTemplate": false,
    "count": 1,
    "lang": "en",
    "updated": 0
  }
]